{"assets/icons/add-user.png":["assets/icons/add-user.png"],"assets/icons/app.png":["assets/icons/app.png"],"assets/icons/appIconC.png":["assets/icons/appIconC.png"],"assets/icons/broadcast.png":["assets/icons/broadcast.png"],"assets/icons/bubble-chat.png":["assets/icons/bubble-chat.png"],"assets/icons/chat_logo_transparent.png":["assets/icons/chat_logo_transparent.png"],"assets/icons/chatsicon.png":["assets/icons/chatsicon.png"],"assets/icons/connectApp.png":["assets/icons/connectApp.png"],"assets/icons/connectedapp.png":["assets/icons/connectedapp.png"],"assets/icons/empty_task.png":["assets/icons/empty_task.png"],"assets/icons/forward.png":["assets/icons/forward.png"],"assets/icons/gallery.png":["assets/icons/gallery.png"],"assets/icons/group.png":["assets/icons/group.png"],"assets/icons/home.png":["assets/icons/home.png"],"assets/icons/setting_icon/add_follow.png":["assets/icons/setting_icon/add_follow.png"],"assets/icons/setting_icon/attach.png":["assets/icons/setting_icon/attach.png"],"assets/icons/setting_icon/back_icon.png":["assets/icons/setting_icon/back_icon.png"],"assets/icons/setting_icon/edit.png":["assets/icons/setting_icon/edit.png"],"assets/icons/setting_icon/log_out.png":["assets/icons/setting_icon/log_out.png"],"assets/icons/setting_icon/message.png":["assets/icons/setting_icon/message.png"],"assets/icons/setting_icon/message_revert.png":["assets/icons/setting_icon/message_revert.png"],"assets/icons/setting_icon/setting.png":["assets/icons/setting_icon/setting.png"],"assets/icons/setting_icon/user.png":["assets/icons/setting_icon/user.png"],"assets/icons/setting_icon/world.png":["assets/icons/setting_icon/world.png"],"assets/icons/tasks.png":["assets/icons/tasks.png"],"assets/images/Accutask_pro_logo.png":["assets/images/Accutask_pro_logo.png"],"assets/images/accutecherp.png":["assets/images/accutecherp.png"],"assets/images/add_image.png":["assets/images/add_image.png"],"assets/images/admin-supervisor.png":["assets/images/admin-supervisor.png"],"assets/images/approved.png":["assets/images/approved.png"],"assets/images/attach.png":["assets/images/attach.png"],"assets/images/bdaygirl.png":["assets/images/bdaygirl.png"],"assets/images/broadcast-media.png":["assets/images/broadcast-media.png"],"assets/images/calendar.png":["assets/images/calendar.png"],"assets/images/camera.png":["assets/images/camera.png"],"assets/images/category.png":["assets/images/category.png"],"assets/images/change_pass.png":["assets/images/change_pass.png"],"assets/images/deafautGallery.jpg":["assets/images/deafautGallery.jpg"],"assets/images/description.png":["assets/images/description.png"],"assets/images/distribution-network.png":["assets/images/distribution-network.png"],"assets/images/doubbleTick.png":["assets/images/doubbleTick.png"],"assets/images/empty_recent.png":["assets/images/empty_recent.png"],"assets/images/google.png":["assets/images/google.png"],"assets/images/group.png":["assets/images/group.png"],"assets/images/icon.png":["assets/images/icon.png"],"assets/images/itunes.png":["assets/images/itunes.png"],"assets/images/layers.png":["assets/images/layers.png"],"assets/images/login_icon.png":["assets/images/login_icon.png"],"assets/images/media.png":["assets/images/media.png"],"assets/images/msg.png":["assets/images/msg.png"],"assets/images/no_data_found.png":["assets/images/no_data_found.png"],"assets/images/pending.png":["assets/images/pending.png"],"assets/images/pin.png":["assets/images/pin.png"],"assets/images/send.png":["assets/images/send.png"],"assets/images/user.png":["assets/images/user.png"],"assets/images/work-in-progress.png":["assets/images/work-in-progress.png"],"assets/service-account.json":["assets/service-account.json"],"assets/sounds/long-buzzer-38398.mp3":["assets/sounds/long-buzzer-38398.mp3"],"packages/country_code_picker/flags/ad.png":["packages/country_code_picker/flags/ad.png"],"packages/country_code_picker/flags/ae.png":["packages/country_code_picker/flags/ae.png"],"packages/country_code_picker/flags/af.png":["packages/country_code_picker/flags/af.png"],"packages/country_code_picker/flags/ag.png":["packages/country_code_picker/flags/ag.png"],"packages/country_code_picker/flags/ai.png":["packages/country_code_picker/flags/ai.png"],"packages/country_code_picker/flags/al.png":["packages/country_code_picker/flags/al.png"],"packages/country_code_picker/flags/am.png":["packages/country_code_picker/flags/am.png"],"packages/country_code_picker/flags/an.png":["packages/country_code_picker/flags/an.png"],"packages/country_code_picker/flags/ao.png":["packages/country_code_picker/flags/ao.png"],"packages/country_code_picker/flags/aq.png":["packages/country_code_picker/flags/aq.png"],"packages/country_code_picker/flags/ar.png":["packages/country_code_picker/flags/ar.png"],"packages/country_code_picker/flags/as.png":["packages/country_code_picker/flags/as.png"],"packages/country_code_picker/flags/at.png":["packages/country_code_picker/flags/at.png"],"packages/country_code_picker/flags/au.png":["packages/country_code_picker/flags/au.png"],"packages/country_code_picker/flags/aw.png":["packages/country_code_picker/flags/aw.png"],"packages/country_code_picker/flags/ax.png":["packages/country_code_picker/flags/ax.png"],"packages/country_code_picker/flags/az.png":["packages/country_code_picker/flags/az.png"],"packages/country_code_picker/flags/ba.png":["packages/country_code_picker/flags/ba.png"],"packages/country_code_picker/flags/bb.png":["packages/country_code_picker/flags/bb.png"],"packages/country_code_picker/flags/bd.png":["packages/country_code_picker/flags/bd.png"],"packages/country_code_picker/flags/be.png":["packages/country_code_picker/flags/be.png"],"packages/country_code_picker/flags/bf.png":["packages/country_code_picker/flags/bf.png"],"packages/country_code_picker/flags/bg.png":["packages/country_code_picker/flags/bg.png"],"packages/country_code_picker/flags/bh.png":["packages/country_code_picker/flags/bh.png"],"packages/country_code_picker/flags/bi.png":["packages/country_code_picker/flags/bi.png"],"packages/country_code_picker/flags/bj.png":["packages/country_code_picker/flags/bj.png"],"packages/country_code_picker/flags/bl.png":["packages/country_code_picker/flags/bl.png"],"packages/country_code_picker/flags/bm.png":["packages/country_code_picker/flags/bm.png"],"packages/country_code_picker/flags/bn.png":["packages/country_code_picker/flags/bn.png"],"packages/country_code_picker/flags/bo.png":["packages/country_code_picker/flags/bo.png"],"packages/country_code_picker/flags/bq.png":["packages/country_code_picker/flags/bq.png"],"packages/country_code_picker/flags/br.png":["packages/country_code_picker/flags/br.png"],"packages/country_code_picker/flags/bs.png":["packages/country_code_picker/flags/bs.png"],"packages/country_code_picker/flags/bt.png":["packages/country_code_picker/flags/bt.png"],"packages/country_code_picker/flags/bv.png":["packages/country_code_picker/flags/bv.png"],"packages/country_code_picker/flags/bw.png":["packages/country_code_picker/flags/bw.png"],"packages/country_code_picker/flags/by.png":["packages/country_code_picker/flags/by.png"],"packages/country_code_picker/flags/bz.png":["packages/country_code_picker/flags/bz.png"],"packages/country_code_picker/flags/ca.png":["packages/country_code_picker/flags/ca.png"],"packages/country_code_picker/flags/cc.png":["packages/country_code_picker/flags/cc.png"],"packages/country_code_picker/flags/cd.png":["packages/country_code_picker/flags/cd.png"],"packages/country_code_picker/flags/cf.png":["packages/country_code_picker/flags/cf.png"],"packages/country_code_picker/flags/cg.png":["packages/country_code_picker/flags/cg.png"],"packages/country_code_picker/flags/ch.png":["packages/country_code_picker/flags/ch.png"],"packages/country_code_picker/flags/ci.png":["packages/country_code_picker/flags/ci.png"],"packages/country_code_picker/flags/ck.png":["packages/country_code_picker/flags/ck.png"],"packages/country_code_picker/flags/cl.png":["packages/country_code_picker/flags/cl.png"],"packages/country_code_picker/flags/cm.png":["packages/country_code_picker/flags/cm.png"],"packages/country_code_picker/flags/cn.png":["packages/country_code_picker/flags/cn.png"],"packages/country_code_picker/flags/co.png":["packages/country_code_picker/flags/co.png"],"packages/country_code_picker/flags/cr.png":["packages/country_code_picker/flags/cr.png"],"packages/country_code_picker/flags/cu.png":["packages/country_code_picker/flags/cu.png"],"packages/country_code_picker/flags/cv.png":["packages/country_code_picker/flags/cv.png"],"packages/country_code_picker/flags/cw.png":["packages/country_code_picker/flags/cw.png"],"packages/country_code_picker/flags/cx.png":["packages/country_code_picker/flags/cx.png"],"packages/country_code_picker/flags/cy.png":["packages/country_code_picker/flags/cy.png"],"packages/country_code_picker/flags/cz.png":["packages/country_code_picker/flags/cz.png"],"packages/country_code_picker/flags/de.png":["packages/country_code_picker/flags/de.png"],"packages/country_code_picker/flags/dj.png":["packages/country_code_picker/flags/dj.png"],"packages/country_code_picker/flags/dk.png":["packages/country_code_picker/flags/dk.png"],"packages/country_code_picker/flags/dm.png":["packages/country_code_picker/flags/dm.png"],"packages/country_code_picker/flags/do.png":["packages/country_code_picker/flags/do.png"],"packages/country_code_picker/flags/dz.png":["packages/country_code_picker/flags/dz.png"],"packages/country_code_picker/flags/ec.png":["packages/country_code_picker/flags/ec.png"],"packages/country_code_picker/flags/ee.png":["packages/country_code_picker/flags/ee.png"],"packages/country_code_picker/flags/eg.png":["packages/country_code_picker/flags/eg.png"],"packages/country_code_picker/flags/eh.png":["packages/country_code_picker/flags/eh.png"],"packages/country_code_picker/flags/er.png":["packages/country_code_picker/flags/er.png"],"packages/country_code_picker/flags/es.png":["packages/country_code_picker/flags/es.png"],"packages/country_code_picker/flags/et.png":["packages/country_code_picker/flags/et.png"],"packages/country_code_picker/flags/eu.png":["packages/country_code_picker/flags/eu.png"],"packages/country_code_picker/flags/fi.png":["packages/country_code_picker/flags/fi.png"],"packages/country_code_picker/flags/fj.png":["packages/country_code_picker/flags/fj.png"],"packages/country_code_picker/flags/fk.png":["packages/country_code_picker/flags/fk.png"],"packages/country_code_picker/flags/fm.png":["packages/country_code_picker/flags/fm.png"],"packages/country_code_picker/flags/fo.png":["packages/country_code_picker/flags/fo.png"],"packages/country_code_picker/flags/fr.png":["packages/country_code_picker/flags/fr.png"],"packages/country_code_picker/flags/ga.png":["packages/country_code_picker/flags/ga.png"],"packages/country_code_picker/flags/gb-eng.png":["packages/country_code_picker/flags/gb-eng.png"],"packages/country_code_picker/flags/gb-nir.png":["packages/country_code_picker/flags/gb-nir.png"],"packages/country_code_picker/flags/gb-sct.png":["packages/country_code_picker/flags/gb-sct.png"],"packages/country_code_picker/flags/gb-wls.png":["packages/country_code_picker/flags/gb-wls.png"],"packages/country_code_picker/flags/gb.png":["packages/country_code_picker/flags/gb.png"],"packages/country_code_picker/flags/gd.png":["packages/country_code_picker/flags/gd.png"],"packages/country_code_picker/flags/ge.png":["packages/country_code_picker/flags/ge.png"],"packages/country_code_picker/flags/gf.png":["packages/country_code_picker/flags/gf.png"],"packages/country_code_picker/flags/gg.png":["packages/country_code_picker/flags/gg.png"],"packages/country_code_picker/flags/gh.png":["packages/country_code_picker/flags/gh.png"],"packages/country_code_picker/flags/gi.png":["packages/country_code_picker/flags/gi.png"],"packages/country_code_picker/flags/gl.png":["packages/country_code_picker/flags/gl.png"],"packages/country_code_picker/flags/gm.png":["packages/country_code_picker/flags/gm.png"],"packages/country_code_picker/flags/gn.png":["packages/country_code_picker/flags/gn.png"],"packages/country_code_picker/flags/gp.png":["packages/country_code_picker/flags/gp.png"],"packages/country_code_picker/flags/gq.png":["packages/country_code_picker/flags/gq.png"],"packages/country_code_picker/flags/gr.png":["packages/country_code_picker/flags/gr.png"],"packages/country_code_picker/flags/gs.png":["packages/country_code_picker/flags/gs.png"],"packages/country_code_picker/flags/gt.png":["packages/country_code_picker/flags/gt.png"],"packages/country_code_picker/flags/gu.png":["packages/country_code_picker/flags/gu.png"],"packages/country_code_picker/flags/gw.png":["packages/country_code_picker/flags/gw.png"],"packages/country_code_picker/flags/gy.png":["packages/country_code_picker/flags/gy.png"],"packages/country_code_picker/flags/hk.png":["packages/country_code_picker/flags/hk.png"],"packages/country_code_picker/flags/hm.png":["packages/country_code_picker/flags/hm.png"],"packages/country_code_picker/flags/hn.png":["packages/country_code_picker/flags/hn.png"],"packages/country_code_picker/flags/hr.png":["packages/country_code_picker/flags/hr.png"],"packages/country_code_picker/flags/ht.png":["packages/country_code_picker/flags/ht.png"],"packages/country_code_picker/flags/hu.png":["packages/country_code_picker/flags/hu.png"],"packages/country_code_picker/flags/id.png":["packages/country_code_picker/flags/id.png"],"packages/country_code_picker/flags/ie.png":["packages/country_code_picker/flags/ie.png"],"packages/country_code_picker/flags/il.png":["packages/country_code_picker/flags/il.png"],"packages/country_code_picker/flags/im.png":["packages/country_code_picker/flags/im.png"],"packages/country_code_picker/flags/in.png":["packages/country_code_picker/flags/in.png"],"packages/country_code_picker/flags/io.png":["packages/country_code_picker/flags/io.png"],"packages/country_code_picker/flags/iq.png":["packages/country_code_picker/flags/iq.png"],"packages/country_code_picker/flags/ir.png":["packages/country_code_picker/flags/ir.png"],"packages/country_code_picker/flags/is.png":["packages/country_code_picker/flags/is.png"],"packages/country_code_picker/flags/it.png":["packages/country_code_picker/flags/it.png"],"packages/country_code_picker/flags/je.png":["packages/country_code_picker/flags/je.png"],"packages/country_code_picker/flags/jm.png":["packages/country_code_picker/flags/jm.png"],"packages/country_code_picker/flags/jo.png":["packages/country_code_picker/flags/jo.png"],"packages/country_code_picker/flags/jp.png":["packages/country_code_picker/flags/jp.png"],"packages/country_code_picker/flags/ke.png":["packages/country_code_picker/flags/ke.png"],"packages/country_code_picker/flags/kg.png":["packages/country_code_picker/flags/kg.png"],"packages/country_code_picker/flags/kh.png":["packages/country_code_picker/flags/kh.png"],"packages/country_code_picker/flags/ki.png":["packages/country_code_picker/flags/ki.png"],"packages/country_code_picker/flags/km.png":["packages/country_code_picker/flags/km.png"],"packages/country_code_picker/flags/kn.png":["packages/country_code_picker/flags/kn.png"],"packages/country_code_picker/flags/kp.png":["packages/country_code_picker/flags/kp.png"],"packages/country_code_picker/flags/kr.png":["packages/country_code_picker/flags/kr.png"],"packages/country_code_picker/flags/kw.png":["packages/country_code_picker/flags/kw.png"],"packages/country_code_picker/flags/ky.png":["packages/country_code_picker/flags/ky.png"],"packages/country_code_picker/flags/kz.png":["packages/country_code_picker/flags/kz.png"],"packages/country_code_picker/flags/la.png":["packages/country_code_picker/flags/la.png"],"packages/country_code_picker/flags/lb.png":["packages/country_code_picker/flags/lb.png"],"packages/country_code_picker/flags/lc.png":["packages/country_code_picker/flags/lc.png"],"packages/country_code_picker/flags/li.png":["packages/country_code_picker/flags/li.png"],"packages/country_code_picker/flags/lk.png":["packages/country_code_picker/flags/lk.png"],"packages/country_code_picker/flags/lr.png":["packages/country_code_picker/flags/lr.png"],"packages/country_code_picker/flags/ls.png":["packages/country_code_picker/flags/ls.png"],"packages/country_code_picker/flags/lt.png":["packages/country_code_picker/flags/lt.png"],"packages/country_code_picker/flags/lu.png":["packages/country_code_picker/flags/lu.png"],"packages/country_code_picker/flags/lv.png":["packages/country_code_picker/flags/lv.png"],"packages/country_code_picker/flags/ly.png":["packages/country_code_picker/flags/ly.png"],"packages/country_code_picker/flags/ma.png":["packages/country_code_picker/flags/ma.png"],"packages/country_code_picker/flags/mc.png":["packages/country_code_picker/flags/mc.png"],"packages/country_code_picker/flags/md.png":["packages/country_code_picker/flags/md.png"],"packages/country_code_picker/flags/me.png":["packages/country_code_picker/flags/me.png"],"packages/country_code_picker/flags/mf.png":["packages/country_code_picker/flags/mf.png"],"packages/country_code_picker/flags/mg.png":["packages/country_code_picker/flags/mg.png"],"packages/country_code_picker/flags/mh.png":["packages/country_code_picker/flags/mh.png"],"packages/country_code_picker/flags/mk.png":["packages/country_code_picker/flags/mk.png"],"packages/country_code_picker/flags/ml.png":["packages/country_code_picker/flags/ml.png"],"packages/country_code_picker/flags/mm.png":["packages/country_code_picker/flags/mm.png"],"packages/country_code_picker/flags/mn.png":["packages/country_code_picker/flags/mn.png"],"packages/country_code_picker/flags/mo.png":["packages/country_code_picker/flags/mo.png"],"packages/country_code_picker/flags/mp.png":["packages/country_code_picker/flags/mp.png"],"packages/country_code_picker/flags/mq.png":["packages/country_code_picker/flags/mq.png"],"packages/country_code_picker/flags/mr.png":["packages/country_code_picker/flags/mr.png"],"packages/country_code_picker/flags/ms.png":["packages/country_code_picker/flags/ms.png"],"packages/country_code_picker/flags/mt.png":["packages/country_code_picker/flags/mt.png"],"packages/country_code_picker/flags/mu.png":["packages/country_code_picker/flags/mu.png"],"packages/country_code_picker/flags/mv.png":["packages/country_code_picker/flags/mv.png"],"packages/country_code_picker/flags/mw.png":["packages/country_code_picker/flags/mw.png"],"packages/country_code_picker/flags/mx.png":["packages/country_code_picker/flags/mx.png"],"packages/country_code_picker/flags/my.png":["packages/country_code_picker/flags/my.png"],"packages/country_code_picker/flags/mz.png":["packages/country_code_picker/flags/mz.png"],"packages/country_code_picker/flags/na.png":["packages/country_code_picker/flags/na.png"],"packages/country_code_picker/flags/nc.png":["packages/country_code_picker/flags/nc.png"],"packages/country_code_picker/flags/ne.png":["packages/country_code_picker/flags/ne.png"],"packages/country_code_picker/flags/nf.png":["packages/country_code_picker/flags/nf.png"],"packages/country_code_picker/flags/ng.png":["packages/country_code_picker/flags/ng.png"],"packages/country_code_picker/flags/ni.png":["packages/country_code_picker/flags/ni.png"],"packages/country_code_picker/flags/nl.png":["packages/country_code_picker/flags/nl.png"],"packages/country_code_picker/flags/no.png":["packages/country_code_picker/flags/no.png"],"packages/country_code_picker/flags/np.png":["packages/country_code_picker/flags/np.png"],"packages/country_code_picker/flags/nr.png":["packages/country_code_picker/flags/nr.png"],"packages/country_code_picker/flags/nu.png":["packages/country_code_picker/flags/nu.png"],"packages/country_code_picker/flags/nz.png":["packages/country_code_picker/flags/nz.png"],"packages/country_code_picker/flags/om.png":["packages/country_code_picker/flags/om.png"],"packages/country_code_picker/flags/pa.png":["packages/country_code_picker/flags/pa.png"],"packages/country_code_picker/flags/pe.png":["packages/country_code_picker/flags/pe.png"],"packages/country_code_picker/flags/pf.png":["packages/country_code_picker/flags/pf.png"],"packages/country_code_picker/flags/pg.png":["packages/country_code_picker/flags/pg.png"],"packages/country_code_picker/flags/ph.png":["packages/country_code_picker/flags/ph.png"],"packages/country_code_picker/flags/pk.png":["packages/country_code_picker/flags/pk.png"],"packages/country_code_picker/flags/pl.png":["packages/country_code_picker/flags/pl.png"],"packages/country_code_picker/flags/pm.png":["packages/country_code_picker/flags/pm.png"],"packages/country_code_picker/flags/pn.png":["packages/country_code_picker/flags/pn.png"],"packages/country_code_picker/flags/pr.png":["packages/country_code_picker/flags/pr.png"],"packages/country_code_picker/flags/ps.png":["packages/country_code_picker/flags/ps.png"],"packages/country_code_picker/flags/pt.png":["packages/country_code_picker/flags/pt.png"],"packages/country_code_picker/flags/pw.png":["packages/country_code_picker/flags/pw.png"],"packages/country_code_picker/flags/py.png":["packages/country_code_picker/flags/py.png"],"packages/country_code_picker/flags/qa.png":["packages/country_code_picker/flags/qa.png"],"packages/country_code_picker/flags/re.png":["packages/country_code_picker/flags/re.png"],"packages/country_code_picker/flags/ro.png":["packages/country_code_picker/flags/ro.png"],"packages/country_code_picker/flags/rs.png":["packages/country_code_picker/flags/rs.png"],"packages/country_code_picker/flags/ru.png":["packages/country_code_picker/flags/ru.png"],"packages/country_code_picker/flags/rw.png":["packages/country_code_picker/flags/rw.png"],"packages/country_code_picker/flags/sa.png":["packages/country_code_picker/flags/sa.png"],"packages/country_code_picker/flags/sb.png":["packages/country_code_picker/flags/sb.png"],"packages/country_code_picker/flags/sc.png":["packages/country_code_picker/flags/sc.png"],"packages/country_code_picker/flags/sd.png":["packages/country_code_picker/flags/sd.png"],"packages/country_code_picker/flags/se.png":["packages/country_code_picker/flags/se.png"],"packages/country_code_picker/flags/sg.png":["packages/country_code_picker/flags/sg.png"],"packages/country_code_picker/flags/sh.png":["packages/country_code_picker/flags/sh.png"],"packages/country_code_picker/flags/si.png":["packages/country_code_picker/flags/si.png"],"packages/country_code_picker/flags/sj.png":["packages/country_code_picker/flags/sj.png"],"packages/country_code_picker/flags/sk.png":["packages/country_code_picker/flags/sk.png"],"packages/country_code_picker/flags/sl.png":["packages/country_code_picker/flags/sl.png"],"packages/country_code_picker/flags/sm.png":["packages/country_code_picker/flags/sm.png"],"packages/country_code_picker/flags/sn.png":["packages/country_code_picker/flags/sn.png"],"packages/country_code_picker/flags/so.png":["packages/country_code_picker/flags/so.png"],"packages/country_code_picker/flags/sr.png":["packages/country_code_picker/flags/sr.png"],"packages/country_code_picker/flags/ss.png":["packages/country_code_picker/flags/ss.png"],"packages/country_code_picker/flags/st.png":["packages/country_code_picker/flags/st.png"],"packages/country_code_picker/flags/sv.png":["packages/country_code_picker/flags/sv.png"],"packages/country_code_picker/flags/sx.png":["packages/country_code_picker/flags/sx.png"],"packages/country_code_picker/flags/sy.png":["packages/country_code_picker/flags/sy.png"],"packages/country_code_picker/flags/sz.png":["packages/country_code_picker/flags/sz.png"],"packages/country_code_picker/flags/tc.png":["packages/country_code_picker/flags/tc.png"],"packages/country_code_picker/flags/td.png":["packages/country_code_picker/flags/td.png"],"packages/country_code_picker/flags/tf.png":["packages/country_code_picker/flags/tf.png"],"packages/country_code_picker/flags/tg.png":["packages/country_code_picker/flags/tg.png"],"packages/country_code_picker/flags/th.png":["packages/country_code_picker/flags/th.png"],"packages/country_code_picker/flags/tj.png":["packages/country_code_picker/flags/tj.png"],"packages/country_code_picker/flags/tk.png":["packages/country_code_picker/flags/tk.png"],"packages/country_code_picker/flags/tl.png":["packages/country_code_picker/flags/tl.png"],"packages/country_code_picker/flags/tm.png":["packages/country_code_picker/flags/tm.png"],"packages/country_code_picker/flags/tn.png":["packages/country_code_picker/flags/tn.png"],"packages/country_code_picker/flags/to.png":["packages/country_code_picker/flags/to.png"],"packages/country_code_picker/flags/tr.png":["packages/country_code_picker/flags/tr.png"],"packages/country_code_picker/flags/tt.png":["packages/country_code_picker/flags/tt.png"],"packages/country_code_picker/flags/tv.png":["packages/country_code_picker/flags/tv.png"],"packages/country_code_picker/flags/tw.png":["packages/country_code_picker/flags/tw.png"],"packages/country_code_picker/flags/tz.png":["packages/country_code_picker/flags/tz.png"],"packages/country_code_picker/flags/ua.png":["packages/country_code_picker/flags/ua.png"],"packages/country_code_picker/flags/ug.png":["packages/country_code_picker/flags/ug.png"],"packages/country_code_picker/flags/um.png":["packages/country_code_picker/flags/um.png"],"packages/country_code_picker/flags/us.png":["packages/country_code_picker/flags/us.png"],"packages/country_code_picker/flags/uy.png":["packages/country_code_picker/flags/uy.png"],"packages/country_code_picker/flags/uz.png":["packages/country_code_picker/flags/uz.png"],"packages/country_code_picker/flags/va.png":["packages/country_code_picker/flags/va.png"],"packages/country_code_picker/flags/vc.png":["packages/country_code_picker/flags/vc.png"],"packages/country_code_picker/flags/ve.png":["packages/country_code_picker/flags/ve.png"],"packages/country_code_picker/flags/vg.png":["packages/country_code_picker/flags/vg.png"],"packages/country_code_picker/flags/vi.png":["packages/country_code_picker/flags/vi.png"],"packages/country_code_picker/flags/vn.png":["packages/country_code_picker/flags/vn.png"],"packages/country_code_picker/flags/vu.png":["packages/country_code_picker/flags/vu.png"],"packages/country_code_picker/flags/wf.png":["packages/country_code_picker/flags/wf.png"],"packages/country_code_picker/flags/ws.png":["packages/country_code_picker/flags/ws.png"],"packages/country_code_picker/flags/xk.png":["packages/country_code_picker/flags/xk.png"],"packages/country_code_picker/flags/ye.png":["packages/country_code_picker/flags/ye.png"],"packages/country_code_picker/flags/yt.png":["packages/country_code_picker/flags/yt.png"],"packages/country_code_picker/flags/za.png":["packages/country_code_picker/flags/za.png"],"packages/country_code_picker/flags/zm.png":["packages/country_code_picker/flags/zm.png"],"packages/country_code_picker/flags/zw.png":["packages/country_code_picker/flags/zw.png"],"packages/country_code_picker/src/i18n/af.json":["packages/country_code_picker/src/i18n/af.json"],"packages/country_code_picker/src/i18n/am.json":["packages/country_code_picker/src/i18n/am.json"],"packages/country_code_picker/src/i18n/ar.json":["packages/country_code_picker/src/i18n/ar.json"],"packages/country_code_picker/src/i18n/az.json":["packages/country_code_picker/src/i18n/az.json"],"packages/country_code_picker/src/i18n/be.json":["packages/country_code_picker/src/i18n/be.json"],"packages/country_code_picker/src/i18n/bg.json":["packages/country_code_picker/src/i18n/bg.json"],"packages/country_code_picker/src/i18n/bn.json":["packages/country_code_picker/src/i18n/bn.json"],"packages/country_code_picker/src/i18n/bs.json":["packages/country_code_picker/src/i18n/bs.json"],"packages/country_code_picker/src/i18n/ca.json":["packages/country_code_picker/src/i18n/ca.json"],"packages/country_code_picker/src/i18n/cs.json":["packages/country_code_picker/src/i18n/cs.json"],"packages/country_code_picker/src/i18n/da.json":["packages/country_code_picker/src/i18n/da.json"],"packages/country_code_picker/src/i18n/de.json":["packages/country_code_picker/src/i18n/de.json"],"packages/country_code_picker/src/i18n/el.json":["packages/country_code_picker/src/i18n/el.json"],"packages/country_code_picker/src/i18n/en.json":["packages/country_code_picker/src/i18n/en.json"],"packages/country_code_picker/src/i18n/es.json":["packages/country_code_picker/src/i18n/es.json"],"packages/country_code_picker/src/i18n/et.json":["packages/country_code_picker/src/i18n/et.json"],"packages/country_code_picker/src/i18n/fa.json":["packages/country_code_picker/src/i18n/fa.json"],"packages/country_code_picker/src/i18n/fi.json":["packages/country_code_picker/src/i18n/fi.json"],"packages/country_code_picker/src/i18n/fr.json":["packages/country_code_picker/src/i18n/fr.json"],"packages/country_code_picker/src/i18n/gl.json":["packages/country_code_picker/src/i18n/gl.json"],"packages/country_code_picker/src/i18n/ha.json":["packages/country_code_picker/src/i18n/ha.json"],"packages/country_code_picker/src/i18n/he.json":["packages/country_code_picker/src/i18n/he.json"],"packages/country_code_picker/src/i18n/hi.json":["packages/country_code_picker/src/i18n/hi.json"],"packages/country_code_picker/src/i18n/hr.json":["packages/country_code_picker/src/i18n/hr.json"],"packages/country_code_picker/src/i18n/hu.json":["packages/country_code_picker/src/i18n/hu.json"],"packages/country_code_picker/src/i18n/hy.json":["packages/country_code_picker/src/i18n/hy.json"],"packages/country_code_picker/src/i18n/id.json":["packages/country_code_picker/src/i18n/id.json"],"packages/country_code_picker/src/i18n/is.json":["packages/country_code_picker/src/i18n/is.json"],"packages/country_code_picker/src/i18n/it.json":["packages/country_code_picker/src/i18n/it.json"],"packages/country_code_picker/src/i18n/ja.json":["packages/country_code_picker/src/i18n/ja.json"],"packages/country_code_picker/src/i18n/ka.json":["packages/country_code_picker/src/i18n/ka.json"],"packages/country_code_picker/src/i18n/kk.json":["packages/country_code_picker/src/i18n/kk.json"],"packages/country_code_picker/src/i18n/km.json":["packages/country_code_picker/src/i18n/km.json"],"packages/country_code_picker/src/i18n/ko.json":["packages/country_code_picker/src/i18n/ko.json"],"packages/country_code_picker/src/i18n/ku.json":["packages/country_code_picker/src/i18n/ku.json"],"packages/country_code_picker/src/i18n/ky.json":["packages/country_code_picker/src/i18n/ky.json"],"packages/country_code_picker/src/i18n/lt.json":["packages/country_code_picker/src/i18n/lt.json"],"packages/country_code_picker/src/i18n/lv.json":["packages/country_code_picker/src/i18n/lv.json"],"packages/country_code_picker/src/i18n/mk.json":["packages/country_code_picker/src/i18n/mk.json"],"packages/country_code_picker/src/i18n/ml.json":["packages/country_code_picker/src/i18n/ml.json"],"packages/country_code_picker/src/i18n/mn.json":["packages/country_code_picker/src/i18n/mn.json"],"packages/country_code_picker/src/i18n/ms.json":["packages/country_code_picker/src/i18n/ms.json"],"packages/country_code_picker/src/i18n/nb.json":["packages/country_code_picker/src/i18n/nb.json"],"packages/country_code_picker/src/i18n/nl.json":["packages/country_code_picker/src/i18n/nl.json"],"packages/country_code_picker/src/i18n/nn.json":["packages/country_code_picker/src/i18n/nn.json"],"packages/country_code_picker/src/i18n/no.json":["packages/country_code_picker/src/i18n/no.json"],"packages/country_code_picker/src/i18n/pl.json":["packages/country_code_picker/src/i18n/pl.json"],"packages/country_code_picker/src/i18n/ps.json":["packages/country_code_picker/src/i18n/ps.json"],"packages/country_code_picker/src/i18n/pt.json":["packages/country_code_picker/src/i18n/pt.json"],"packages/country_code_picker/src/i18n/ro.json":["packages/country_code_picker/src/i18n/ro.json"],"packages/country_code_picker/src/i18n/ru.json":["packages/country_code_picker/src/i18n/ru.json"],"packages/country_code_picker/src/i18n/sd.json":["packages/country_code_picker/src/i18n/sd.json"],"packages/country_code_picker/src/i18n/sk.json":["packages/country_code_picker/src/i18n/sk.json"],"packages/country_code_picker/src/i18n/sl.json":["packages/country_code_picker/src/i18n/sl.json"],"packages/country_code_picker/src/i18n/so.json":["packages/country_code_picker/src/i18n/so.json"],"packages/country_code_picker/src/i18n/sq.json":["packages/country_code_picker/src/i18n/sq.json"],"packages/country_code_picker/src/i18n/sr.json":["packages/country_code_picker/src/i18n/sr.json"],"packages/country_code_picker/src/i18n/sv.json":["packages/country_code_picker/src/i18n/sv.json"],"packages/country_code_picker/src/i18n/ta.json":["packages/country_code_picker/src/i18n/ta.json"],"packages/country_code_picker/src/i18n/tg.json":["packages/country_code_picker/src/i18n/tg.json"],"packages/country_code_picker/src/i18n/th.json":["packages/country_code_picker/src/i18n/th.json"],"packages/country_code_picker/src/i18n/tr.json":["packages/country_code_picker/src/i18n/tr.json"],"packages/country_code_picker/src/i18n/tt.json":["packages/country_code_picker/src/i18n/tt.json"],"packages/country_code_picker/src/i18n/ug.json":["packages/country_code_picker/src/i18n/ug.json"],"packages/country_code_picker/src/i18n/uk.json":["packages/country_code_picker/src/i18n/uk.json"],"packages/country_code_picker/src/i18n/ur.json":["packages/country_code_picker/src/i18n/ur.json"],"packages/country_code_picker/src/i18n/uz.json":["packages/country_code_picker/src/i18n/uz.json"],"packages/country_code_picker/src/i18n/vi.json":["packages/country_code_picker/src/i18n/vi.json"],"packages/country_code_picker/src/i18n/zh.json":["packages/country_code_picker/src/i18n/zh.json"],"packages/cupertino_icons/assets/CupertinoIcons.ttf":["packages/cupertino_icons/assets/CupertinoIcons.ttf"],"packages/font_awesome_flutter/lib/fonts/fa-brands-400.ttf":["packages/font_awesome_flutter/lib/fonts/fa-brands-400.ttf"],"packages/font_awesome_flutter/lib/fonts/fa-regular-400.ttf":["packages/font_awesome_flutter/lib/fonts/fa-regular-400.ttf"],"packages/font_awesome_flutter/lib/fonts/fa-solid-900.ttf":["packages/font_awesome_flutter/lib/fonts/fa-solid-900.ttf"],"packages/tim_ui_kit_sticker_plugin/assets/custom_face_resource/4349/NO.png":["packages/tim_ui_kit_sticker_plugin/assets/custom_face_resource/4349/NO.png"],"packages/tim_ui_kit_sticker_plugin/assets/custom_face_resource/4349/OK.png":["packages/tim_ui_kit_sticker_plugin/assets/custom_face_resource/4349/OK.png"],"packages/tim_ui_kit_sticker_plugin/assets/custom_face_resource/4349/Xi.png":["packages/tim_ui_kit_sticker_plugin/assets/custom_face_resource/4349/Xi.png"],"packages/tim_ui_kit_sticker_plugin/assets/custom_face_resource/4349/aircraft.png":["packages/tim_ui_kit_sticker_plugin/assets/custom_face_resource/4349/aircraft.png"],"packages/tim_ui_kit_sticker_plugin/assets/custom_face_resource/4349/alarmClock.png":["packages/tim_ui_kit_sticker_plugin/assets/custom_face_resource/4349/alarmClock.png"],"packages/tim_ui_kit_sticker_plugin/assets/custom_face_resource/4349/anger.png":["packages/tim_ui_kit_sticker_plugin/assets/custom_face_resource/4349/anger.png"],"packages/tim_ui_kit_sticker_plugin/assets/custom_face_resource/4349/applause.png":["packages/tim_ui_kit_sticker_plugin/assets/custom_face_resource/4349/applause.png"],"packages/tim_ui_kit_sticker_plugin/assets/custom_face_resource/4349/arrogant.png":["packages/tim_ui_kit_sticker_plugin/assets/custom_face_resource/4349/arrogant.png"],"packages/tim_ui_kit_sticker_plugin/assets/custom_face_resource/4349/awkward.png":["packages/tim_ui_kit_sticker_plugin/assets/custom_face_resource/4349/awkward.png"],"packages/tim_ui_kit_sticker_plugin/assets/custom_face_resource/4349/bad.png":["packages/tim_ui_kit_sticker_plugin/assets/custom_face_resource/4349/bad.png"],"packages/tim_ui_kit_sticker_plugin/assets/custom_face_resource/4349/banana.png":["packages/tim_ui_kit_sticker_plugin/assets/custom_face_resource/4349/banana.png"],"packages/tim_ui_kit_sticker_plugin/assets/custom_face_resource/4349/bankNote.png":["packages/tim_ui_kit_sticker_plugin/assets/custom_face_resource/4349/bankNote.png"],"packages/tim_ui_kit_sticker_plugin/assets/custom_face_resource/4349/baredTeeth.png":["packages/tim_ui_kit_sticker_plugin/assets/custom_face_resource/4349/baredTeeth.png"],"packages/tim_ui_kit_sticker_plugin/assets/custom_face_resource/4349/basketball.png":["packages/tim_ui_kit_sticker_plugin/assets/custom_face_resource/4349/basketball.png"],"packages/tim_ui_kit_sticker_plugin/assets/custom_face_resource/4349/beer.png":["packages/tim_ui_kit_sticker_plugin/assets/custom_face_resource/4349/beer.png"],"packages/tim_ui_kit_sticker_plugin/assets/custom_face_resource/4349/blastedRebar.png":["packages/tim_ui_kit_sticker_plugin/assets/custom_face_resource/4349/blastedRebar.png"],"packages/tim_ui_kit_sticker_plugin/assets/custom_face_resource/4349/blowKiss.png":["packages/tim_ui_kit_sticker_plugin/assets/custom_face_resource/4349/blowKiss.png"],"packages/tim_ui_kit_sticker_plugin/assets/custom_face_resource/4349/bomb.png":["packages/tim_ui_kit_sticker_plugin/assets/custom_face_resource/4349/bomb.png"],"packages/tim_ui_kit_sticker_plugin/assets/custom_face_resource/4349/bye.png":["packages/tim_ui_kit_sticker_plugin/assets/custom_face_resource/4349/bye.png"],"packages/tim_ui_kit_sticker_plugin/assets/custom_face_resource/4349/cake.png":["packages/tim_ui_kit_sticker_plugin/assets/custom_face_resource/4349/cake.png"],"packages/tim_ui_kit_sticker_plugin/assets/custom_face_resource/4349/candle.png":["packages/tim_ui_kit_sticker_plugin/assets/custom_face_resource/4349/candle.png"],"packages/tim_ui_kit_sticker_plugin/assets/custom_face_resource/4349/car.png":["packages/tim_ui_kit_sticker_plugin/assets/custom_face_resource/4349/car.png"],"packages/tim_ui_kit_sticker_plugin/assets/custom_face_resource/4349/carriage.png":["packages/tim_ui_kit_sticker_plugin/assets/custom_face_resource/4349/carriage.png"],"packages/tim_ui_kit_sticker_plugin/assets/custom_face_resource/4349/cat.png":["packages/tim_ui_kit_sticker_plugin/assets/custom_face_resource/4349/cat.png"],"packages/tim_ui_kit_sticker_plugin/assets/custom_face_resource/4349/chineseChess.png":["packages/tim_ui_kit_sticker_plugin/assets/custom_face_resource/4349/chineseChess.png"],"packages/tim_ui_kit_sticker_plugin/assets/custom_face_resource/4349/circle.png":["packages/tim_ui_kit_sticker_plugin/assets/custom_face_resource/4349/circle.png"],"packages/tim_ui_kit_sticker_plugin/assets/custom_face_resource/4349/claspFist.png":["packages/tim_ui_kit_sticker_plugin/assets/custom_face_resource/4349/claspFist.png"],"packages/tim_ui_kit_sticker_plugin/assets/custom_face_resource/4349/cloudy.png":["packages/tim_ui_kit_sticker_plugin/assets/custom_face_resource/4349/cloudy.png"],"packages/tim_ui_kit_sticker_plugin/assets/custom_face_resource/4349/coffee.png":["packages/tim_ui_kit_sticker_plugin/assets/custom_face_resource/4349/coffee.png"],"packages/tim_ui_kit_sticker_plugin/assets/custom_face_resource/4349/coldSweat.png":["packages/tim_ui_kit_sticker_plugin/assets/custom_face_resource/4349/coldSweat.png"],"packages/tim_ui_kit_sticker_plugin/assets/custom_face_resource/4349/coloredBall.png":["packages/tim_ui_kit_sticker_plugin/assets/custom_face_resource/4349/coloredBall.png"],"packages/tim_ui_kit_sticker_plugin/assets/custom_face_resource/4349/cool.png":["packages/tim_ui_kit_sticker_plugin/assets/custom_face_resource/4349/cool.png"],"packages/tim_ui_kit_sticker_plugin/assets/custom_face_resource/4349/crazy.png":["packages/tim_ui_kit_sticker_plugin/assets/custom_face_resource/4349/crazy.png"],"packages/tim_ui_kit_sticker_plugin/assets/custom_face_resource/4349/cry.png":["packages/tim_ui_kit_sticker_plugin/assets/custom_face_resource/4349/cry.png"],"packages/tim_ui_kit_sticker_plugin/assets/custom_face_resource/4349/curlLip.png":["packages/tim_ui_kit_sticker_plugin/assets/custom_face_resource/4349/curlLip.png"],"packages/tim_ui_kit_sticker_plugin/assets/custom_face_resource/4349/daze.png":["packages/tim_ui_kit_sticker_plugin/assets/custom_face_resource/4349/daze.png"],"packages/tim_ui_kit_sticker_plugin/assets/custom_face_resource/4349/decline.png":["packages/tim_ui_kit_sticker_plugin/assets/custom_face_resource/4349/decline.png"],"packages/tim_ui_kit_sticker_plugin/assets/custom_face_resource/4349/delete.png":["packages/tim_ui_kit_sticker_plugin/assets/custom_face_resource/4349/delete.png"],"packages/tim_ui_kit_sticker_plugin/assets/custom_face_resource/4349/despise.png":["packages/tim_ui_kit_sticker_plugin/assets/custom_face_resource/4349/despise.png"],"packages/tim_ui_kit_sticker_plugin/assets/custom_face_resource/4349/diamondRing.png":["packages/tim_ui_kit_sticker_plugin/assets/custom_face_resource/4349/diamondRing.png"],"packages/tim_ui_kit_sticker_plugin/assets/custom_face_resource/4349/doubt.png":["packages/tim_ui_kit_sticker_plugin/assets/custom_face_resource/4349/doubt.png"],"packages/tim_ui_kit_sticker_plugin/assets/custom_face_resource/4349/drug.png":["packages/tim_ui_kit_sticker_plugin/assets/custom_face_resource/4349/drug.png"],"packages/tim_ui_kit_sticker_plugin/assets/custom_face_resource/4349/embarrassed.png":["packages/tim_ui_kit_sticker_plugin/assets/custom_face_resource/4349/embarrassed.png"],"packages/tim_ui_kit_sticker_plugin/assets/custom_face_resource/4349/embrace.png":["packages/tim_ui_kit_sticker_plugin/assets/custom_face_resource/4349/embrace.png"],"packages/tim_ui_kit_sticker_plugin/assets/custom_face_resource/4349/envelope.png":["packages/tim_ui_kit_sticker_plugin/assets/custom_face_resource/4349/envelope.png"],"packages/tim_ui_kit_sticker_plugin/assets/custom_face_resource/4349/excitement.png":["packages/tim_ui_kit_sticker_plugin/assets/custom_face_resource/4349/excitement.png"],"packages/tim_ui_kit_sticker_plugin/assets/custom_face_resource/4349/fade.png":["packages/tim_ui_kit_sticker_plugin/assets/custom_face_resource/4349/fade.png"],"packages/tim_ui_kit_sticker_plugin/assets/custom_face_resource/4349/feedingBottle.png":["packages/tim_ui_kit_sticker_plugin/assets/custom_face_resource/4349/feedingBottle.png"],"packages/tim_ui_kit_sticker_plugin/assets/custom_face_resource/4349/firecrackers.png":["packages/tim_ui_kit_sticker_plugin/assets/custom_face_resource/4349/firecrackers.png"],"packages/tim_ui_kit_sticker_plugin/assets/custom_face_resource/4349/fist.png":["packages/tim_ui_kit_sticker_plugin/assets/custom_face_resource/4349/fist.png"],"packages/tim_ui_kit_sticker_plugin/assets/custom_face_resource/4349/flirting.png":["packages/tim_ui_kit_sticker_plugin/assets/custom_face_resource/4349/flirting.png"],"packages/tim_ui_kit_sticker_plugin/assets/custom_face_resource/4349/football.png":["packages/tim_ui_kit_sticker_plugin/assets/custom_face_resource/4349/football.png"],"packages/tim_ui_kit_sticker_plugin/assets/custom_face_resource/4349/frog.png":["packages/tim_ui_kit_sticker_plugin/assets/custom_face_resource/4349/frog.png"],"packages/tim_ui_kit_sticker_plugin/assets/custom_face_resource/4349/gift.png":["packages/tim_ui_kit_sticker_plugin/assets/custom_face_resource/4349/gift.png"],"packages/tim_ui_kit_sticker_plugin/assets/custom_face_resource/4349/giftBag.png":["packages/tim_ui_kit_sticker_plugin/assets/custom_face_resource/4349/giftBag.png"],"packages/tim_ui_kit_sticker_plugin/assets/custom_face_resource/4349/great.png":["packages/tim_ui_kit_sticker_plugin/assets/custom_face_resource/4349/great.png"],"packages/tim_ui_kit_sticker_plugin/assets/custom_face_resource/4349/grievance.png":["packages/tim_ui_kit_sticker_plugin/assets/custom_face_resource/4349/grievance.png"],"packages/tim_ui_kit_sticker_plugin/assets/custom_face_resource/4349/halo.png":["packages/tim_ui_kit_sticker_plugin/assets/custom_face_resource/4349/halo.png"],"packages/tim_ui_kit_sticker_plugin/assets/custom_face_resource/4349/handshake.png":["packages/tim_ui_kit_sticker_plugin/assets/custom_face_resource/4349/handshake.png"],"packages/tim_ui_kit_sticker_plugin/assets/custom_face_resource/4349/heartbreak.png":["packages/tim_ui_kit_sticker_plugin/assets/custom_face_resource/4349/heartbreak.png"],"packages/tim_ui_kit_sticker_plugin/assets/custom_face_resource/4349/hunger.png":["packages/tim_ui_kit_sticker_plugin/assets/custom_face_resource/4349/hunger.png"],"packages/tim_ui_kit_sticker_plugin/assets/custom_face_resource/4349/insidious.png":["packages/tim_ui_kit_sticker_plugin/assets/custom_face_resource/4349/insidious.png"],"packages/tim_ui_kit_sticker_plugin/assets/custom_face_resource/4349/jump.png":["packages/tim_ui_kit_sticker_plugin/assets/custom_face_resource/4349/jump.png"],"packages/tim_ui_kit_sticker_plugin/assets/custom_face_resource/4349/kissYou.png":["packages/tim_ui_kit_sticker_plugin/assets/custom_face_resource/4349/kissYou.png"],"packages/tim_ui_kit_sticker_plugin/assets/custom_face_resource/4349/kitchenKnife.png":["packages/tim_ui_kit_sticker_plugin/assets/custom_face_resource/4349/kitchenKnife.png"],"packages/tim_ui_kit_sticker_plugin/assets/custom_face_resource/4349/knife.png":["packages/tim_ui_kit_sticker_plugin/assets/custom_face_resource/4349/knife.png"],"packages/tim_ui_kit_sticker_plugin/assets/custom_face_resource/4349/knock.png":["packages/tim_ui_kit_sticker_plugin/assets/custom_face_resource/4349/knock.png"],"packages/tim_ui_kit_sticker_plugin/assets/custom_face_resource/4349/kowtow.png":["packages/tim_ui_kit_sticker_plugin/assets/custom_face_resource/4349/kowtow.png"],"packages/tim_ui_kit_sticker_plugin/assets/custom_face_resource/4349/ladybug.png":["packages/tim_ui_kit_sticker_plugin/assets/custom_face_resource/4349/ladybug.png"],"packages/tim_ui_kit_sticker_plugin/assets/custom_face_resource/4349/lantern.png":["packages/tim_ui_kit_sticker_plugin/assets/custom_face_resource/4349/lantern.png"],"packages/tim_ui_kit_sticker_plugin/assets/custom_face_resource/4349/leftHum.png":["packages/tim_ui_kit_sticker_plugin/assets/custom_face_resource/4349/leftHum.png"],"packages/tim_ui_kit_sticker_plugin/assets/custom_face_resource/4349/leftLocomotive.png":["packages/tim_ui_kit_sticker_plugin/assets/custom_face_resource/4349/leftLocomotive.png"],"packages/tim_ui_kit_sticker_plugin/assets/custom_face_resource/4349/leftTaiChi.png":["packages/tim_ui_kit_sticker_plugin/assets/custom_face_resource/4349/leftTaiChi.png"],"packages/tim_ui_kit_sticker_plugin/assets/custom_face_resource/4349/lightBulb.png":["packages/tim_ui_kit_sticker_plugin/assets/custom_face_resource/4349/lightBulb.png"],"packages/tim_ui_kit_sticker_plugin/assets/custom_face_resource/4349/lightning.png":["packages/tim_ui_kit_sticker_plugin/assets/custom_face_resource/4349/lightning.png"],"packages/tim_ui_kit_sticker_plugin/assets/custom_face_resource/4349/lollipop.png":["packages/tim_ui_kit_sticker_plugin/assets/custom_face_resource/4349/lollipop.png"],"packages/tim_ui_kit_sticker_plugin/assets/custom_face_resource/4349/lookBack.png":["packages/tim_ui_kit_sticker_plugin/assets/custom_face_resource/4349/lookBack.png"],"packages/tim_ui_kit_sticker_plugin/assets/custom_face_resource/4349/love.png":["packages/tim_ui_kit_sticker_plugin/assets/custom_face_resource/4349/love.png"],"packages/tim_ui_kit_sticker_plugin/assets/custom_face_resource/4349/loveHeart.png":["packages/tim_ui_kit_sticker_plugin/assets/custom_face_resource/4349/loveHeart.png"],"packages/tim_ui_kit_sticker_plugin/assets/custom_face_resource/4349/loveYou.png":["packages/tim_ui_kit_sticker_plugin/assets/custom_face_resource/4349/loveYou.png"],"packages/tim_ui_kit_sticker_plugin/assets/custom_face_resource/4349/lovely.png":["packages/tim_ui_kit_sticker_plugin/assets/custom_face_resource/4349/lovely.png"],"packages/tim_ui_kit_sticker_plugin/assets/custom_face_resource/4349/mahjong.png":["packages/tim_ui_kit_sticker_plugin/assets/custom_face_resource/4349/mahjong.png"],"packages/tim_ui_kit_sticker_plugin/assets/custom_face_resource/4349/microphone.png":["packages/tim_ui_kit_sticker_plugin/assets/custom_face_resource/4349/microphone.png"],"packages/tim_ui_kit_sticker_plugin/assets/custom_face_resource/4349/moon.png":["packages/tim_ui_kit_sticker_plugin/assets/custom_face_resource/4349/moon.png"],"packages/tim_ui_kit_sticker_plugin/assets/custom_face_resource/4349/naughty.png":["packages/tim_ui_kit_sticker_plugin/assets/custom_face_resource/4349/naughty.png"],"packages/tim_ui_kit_sticker_plugin/assets/custom_face_resource/4349/noodle.png":["packages/tim_ui_kit_sticker_plugin/assets/custom_face_resource/4349/noodle.png"],"packages/tim_ui_kit_sticker_plugin/assets/custom_face_resource/4349/offerKiss.png":["packages/tim_ui_kit_sticker_plugin/assets/custom_face_resource/4349/offerKiss.png"],"packages/tim_ui_kit_sticker_plugin/assets/custom_face_resource/4349/panda.png":["packages/tim_ui_kit_sticker_plugin/assets/custom_face_resource/4349/panda.png"],"packages/tim_ui_kit_sticker_plugin/assets/custom_face_resource/4349/pickNose.png":["packages/tim_ui_kit_sticker_plugin/assets/custom_face_resource/4349/pickNose.png"],"packages/tim_ui_kit_sticker_plugin/assets/custom_face_resource/4349/pig.png":["packages/tim_ui_kit_sticker_plugin/assets/custom_face_resource/4349/pig.png"],"packages/tim_ui_kit_sticker_plugin/assets/custom_face_resource/4349/pistol.png":["packages/tim_ui_kit_sticker_plugin/assets/custom_face_resource/4349/pistol.png"],"packages/tim_ui_kit_sticker_plugin/assets/custom_face_resource/4349/pitiful.png":["packages/tim_ui_kit_sticker_plugin/assets/custom_face_resource/4349/pitiful.png"],"packages/tim_ui_kit_sticker_plugin/assets/custom_face_resource/4349/proud.png":["packages/tim_ui_kit_sticker_plugin/assets/custom_face_resource/4349/proud.png"],"packages/tim_ui_kit_sticker_plugin/assets/custom_face_resource/4349/rain.png":["packages/tim_ui_kit_sticker_plugin/assets/custom_face_resource/4349/rain.png"],"packages/tim_ui_kit_sticker_plugin/assets/custom_face_resource/4349/ribbon.png":["packages/tim_ui_kit_sticker_plugin/assets/custom_face_resource/4349/ribbon.png"],"packages/tim_ui_kit_sticker_plugin/assets/custom_face_resource/4349/rice.png":["packages/tim_ui_kit_sticker_plugin/assets/custom_face_resource/4349/rice.png"],"packages/tim_ui_kit_sticker_plugin/assets/custom_face_resource/4349/rightHum.png":["packages/tim_ui_kit_sticker_plugin/assets/custom_face_resource/4349/rightHum.png"],"packages/tim_ui_kit_sticker_plugin/assets/custom_face_resource/4349/rightLocomotive.png":["packages/tim_ui_kit_sticker_plugin/assets/custom_face_resource/4349/rightLocomotive.png"],"packages/tim_ui_kit_sticker_plugin/assets/custom_face_resource/4349/rightTaiChi.png":["packages/tim_ui_kit_sticker_plugin/assets/custom_face_resource/4349/rightTaiChi.png"],"packages/tim_ui_kit_sticker_plugin/assets/custom_face_resource/4349/ropeSkipping.png":["packages/tim_ui_kit_sticker_plugin/assets/custom_face_resource/4349/ropeSkipping.png"],"packages/tim_ui_kit_sticker_plugin/assets/custom_face_resource/4349/rose.png":["packages/tim_ui_kit_sticker_plugin/assets/custom_face_resource/4349/rose.png"],"packages/tim_ui_kit_sticker_plugin/assets/custom_face_resource/4349/sad.png":["packages/tim_ui_kit_sticker_plugin/assets/custom_face_resource/4349/sad.png"],"packages/tim_ui_kit_sticker_plugin/assets/custom_face_resource/4349/scare.png":["packages/tim_ui_kit_sticker_plugin/assets/custom_face_resource/4349/scare.png"],"packages/tim_ui_kit_sticker_plugin/assets/custom_face_resource/4349/seduce.png":["packages/tim_ui_kit_sticker_plugin/assets/custom_face_resource/4349/seduce.png"],"packages/tim_ui_kit_sticker_plugin/assets/custom_face_resource/4349/shh.png":["packages/tim_ui_kit_sticker_plugin/assets/custom_face_resource/4349/shh.png"],"packages/tim_ui_kit_sticker_plugin/assets/custom_face_resource/4349/shit.png":["packages/tim_ui_kit_sticker_plugin/assets/custom_face_resource/4349/shit.png"],"packages/tim_ui_kit_sticker_plugin/assets/custom_face_resource/4349/showLove.png":["packages/tim_ui_kit_sticker_plugin/assets/custom_face_resource/4349/showLove.png"],"packages/tim_ui_kit_sticker_plugin/assets/custom_face_resource/4349/shutUp.png":["packages/tim_ui_kit_sticker_plugin/assets/custom_face_resource/4349/shutUp.png"],"packages/tim_ui_kit_sticker_plugin/assets/custom_face_resource/4349/shy.png":["packages/tim_ui_kit_sticker_plugin/assets/custom_face_resource/4349/shy.png"],"packages/tim_ui_kit_sticker_plugin/assets/custom_face_resource/4349/sillySmile.png":["packages/tim_ui_kit_sticker_plugin/assets/custom_face_resource/4349/sillySmile.png"],"packages/tim_ui_kit_sticker_plugin/assets/custom_face_resource/4349/skeleton.png":["packages/tim_ui_kit_sticker_plugin/assets/custom_face_resource/4349/skeleton.png"],"packages/tim_ui_kit_sticker_plugin/assets/custom_face_resource/4349/sleep.png":["packages/tim_ui_kit_sticker_plugin/assets/custom_face_resource/4349/sleep.png"],"packages/tim_ui_kit_sticker_plugin/assets/custom_face_resource/4349/sleepy.png":["packages/tim_ui_kit_sticker_plugin/assets/custom_face_resource/4349/sleepy.png"],"packages/tim_ui_kit_sticker_plugin/assets/custom_face_resource/4349/snicker.png":["packages/tim_ui_kit_sticker_plugin/assets/custom_face_resource/4349/snicker.png"],"packages/tim_ui_kit_sticker_plugin/assets/custom_face_resource/4349/sofa.png":["packages/tim_ui_kit_sticker_plugin/assets/custom_face_resource/4349/sofa.png"],"packages/tim_ui_kit_sticker_plugin/assets/custom_face_resource/4349/soldier.png":["packages/tim_ui_kit_sticker_plugin/assets/custom_face_resource/4349/soldier.png"],"packages/tim_ui_kit_sticker_plugin/assets/custom_face_resource/4349/spit.png":["packages/tim_ui_kit_sticker_plugin/assets/custom_face_resource/4349/spit.png"],"packages/tim_ui_kit_sticker_plugin/assets/custom_face_resource/4349/streetDance.png":["packages/tim_ui_kit_sticker_plugin/assets/custom_face_resource/4349/streetDance.png"],"packages/tim_ui_kit_sticker_plugin/assets/custom_face_resource/4349/struggle.png":["packages/tim_ui_kit_sticker_plugin/assets/custom_face_resource/4349/struggle.png"],"packages/tim_ui_kit_sticker_plugin/assets/custom_face_resource/4349/sulk.png":["packages/tim_ui_kit_sticker_plugin/assets/custom_face_resource/4349/sulk.png"],"packages/tim_ui_kit_sticker_plugin/assets/custom_face_resource/4349/sun.png":["packages/tim_ui_kit_sticker_plugin/assets/custom_face_resource/4349/sun.png"],"packages/tim_ui_kit_sticker_plugin/assets/custom_face_resource/4349/superciliousLook.png":["packages/tim_ui_kit_sticker_plugin/assets/custom_face_resource/4349/superciliousLook.png"],"packages/tim_ui_kit_sticker_plugin/assets/custom_face_resource/4349/surprised.png":["packages/tim_ui_kit_sticker_plugin/assets/custom_face_resource/4349/surprised.png"],"packages/tim_ui_kit_sticker_plugin/assets/custom_face_resource/4349/swearing.png":["packages/tim_ui_kit_sticker_plugin/assets/custom_face_resource/4349/swearing.png"],"packages/tim_ui_kit_sticker_plugin/assets/custom_face_resource/4349/sweat.png":["packages/tim_ui_kit_sticker_plugin/assets/custom_face_resource/4349/sweat.png"],"packages/tim_ui_kit_sticker_plugin/assets/custom_face_resource/4349/tableTennis.png":["packages/tim_ui_kit_sticker_plugin/assets/custom_face_resource/4349/tableTennis.png"],"packages/tim_ui_kit_sticker_plugin/assets/custom_face_resource/4349/tear.png":["packages/tim_ui_kit_sticker_plugin/assets/custom_face_resource/4349/tear.png"],"packages/tim_ui_kit_sticker_plugin/assets/custom_face_resource/4349/terrified.png":["packages/tim_ui_kit_sticker_plugin/assets/custom_face_resource/4349/terrified.png"],"packages/tim_ui_kit_sticker_plugin/assets/custom_face_resource/4349/tissue.png":["packages/tim_ui_kit_sticker_plugin/assets/custom_face_resource/4349/tissue.png"],"packages/tim_ui_kit_sticker_plugin/assets/custom_face_resource/4349/titter.png":["packages/tim_ui_kit_sticker_plugin/assets/custom_face_resource/4349/titter.png"],"packages/tim_ui_kit_sticker_plugin/assets/custom_face_resource/4349/torment.png":["packages/tim_ui_kit_sticker_plugin/assets/custom_face_resource/4349/torment.png"],"packages/tim_ui_kit_sticker_plugin/assets/custom_face_resource/4349/tremble.png":["packages/tim_ui_kit_sticker_plugin/assets/custom_face_resource/4349/tremble.png"],"packages/tim_ui_kit_sticker_plugin/assets/custom_face_resource/4349/umbrella.png":["packages/tim_ui_kit_sticker_plugin/assets/custom_face_resource/4349/umbrella.png"],"packages/tim_ui_kit_sticker_plugin/assets/custom_face_resource/4349/victory.png":["packages/tim_ui_kit_sticker_plugin/assets/custom_face_resource/4349/victory.png"],"packages/tim_ui_kit_sticker_plugin/assets/custom_face_resource/4349/watermelon.png":["packages/tim_ui_kit_sticker_plugin/assets/custom_face_resource/4349/watermelon.png"],"packages/tim_ui_kit_sticker_plugin/assets/custom_face_resource/4349/wave.png":["packages/tim_ui_kit_sticker_plugin/assets/custom_face_resource/4349/wave.png"],"packages/tim_ui_kit_sticker_plugin/assets/custom_face_resource/4349/weak.png":["packages/tim_ui_kit_sticker_plugin/assets/custom_face_resource/4349/weak.png"],"packages/tim_ui_kit_sticker_plugin/assets/custom_face_resource/4349/willCry.png":["packages/tim_ui_kit_sticker_plugin/assets/custom_face_resource/4349/willCry.png"],"packages/tim_ui_kit_sticker_plugin/assets/custom_face_resource/4349/windmill.png":["packages/tim_ui_kit_sticker_plugin/assets/custom_face_resource/4349/windmill.png"],"packages/tim_ui_kit_sticker_plugin/assets/custom_face_resource/4349/wipeSweat.png":["packages/tim_ui_kit_sticker_plugin/assets/custom_face_resource/4349/wipeSweat.png"],"packages/tim_ui_kit_sticker_plugin/assets/custom_face_resource/4349/yawn.png":["packages/tim_ui_kit_sticker_plugin/assets/custom_face_resource/4349/yawn.png"],"packages/tim_ui_kit_sticker_plugin/assets/custom_face_resource/tcc1/TUIEmoji_666.png":["packages/tim_ui_kit_sticker_plugin/assets/custom_face_resource/tcc1/TUIEmoji_666.png"],"packages/tim_ui_kit_sticker_plugin/assets/custom_face_resource/tcc1/TUIEmoji_857.png":["packages/tim_ui_kit_sticker_plugin/assets/custom_face_resource/tcc1/TUIEmoji_857.png"],"packages/tim_ui_kit_sticker_plugin/assets/custom_face_resource/tcc1/TUIEmoji_Ai.png":["packages/tim_ui_kit_sticker_plugin/assets/custom_face_resource/tcc1/TUIEmoji_Ai.png"],"packages/tim_ui_kit_sticker_plugin/assets/custom_face_resource/tcc1/TUIEmoji_Amazed.png":["packages/tim_ui_kit_sticker_plugin/assets/custom_face_resource/tcc1/TUIEmoji_Amazed.png"],"packages/tim_ui_kit_sticker_plugin/assets/custom_face_resource/tcc1/TUIEmoji_Askance.png":["packages/tim_ui_kit_sticker_plugin/assets/custom_face_resource/tcc1/TUIEmoji_Askance.png"],"packages/tim_ui_kit_sticker_plugin/assets/custom_face_resource/tcc1/TUIEmoji_BareTeeth.png":["packages/tim_ui_kit_sticker_plugin/assets/custom_face_resource/tcc1/TUIEmoji_BareTeeth.png"],"packages/tim_ui_kit_sticker_plugin/assets/custom_face_resource/tcc1/TUIEmoji_Beer.png":["packages/tim_ui_kit_sticker_plugin/assets/custom_face_resource/tcc1/TUIEmoji_Beer.png"],"packages/tim_ui_kit_sticker_plugin/assets/custom_face_resource/tcc1/TUIEmoji_Bless.png":["packages/tim_ui_kit_sticker_plugin/assets/custom_face_resource/tcc1/TUIEmoji_Bless.png"],"packages/tim_ui_kit_sticker_plugin/assets/custom_face_resource/tcc1/TUIEmoji_Blink.png":["packages/tim_ui_kit_sticker_plugin/assets/custom_face_resource/tcc1/TUIEmoji_Blink.png"],"packages/tim_ui_kit_sticker_plugin/assets/custom_face_resource/tcc1/TUIEmoji_Bombs.png":["packages/tim_ui_kit_sticker_plugin/assets/custom_face_resource/tcc1/TUIEmoji_Bombs.png"],"packages/tim_ui_kit_sticker_plugin/assets/custom_face_resource/tcc1/TUIEmoji_Cake.png":["packages/tim_ui_kit_sticker_plugin/assets/custom_face_resource/tcc1/TUIEmoji_Cake.png"],"packages/tim_ui_kit_sticker_plugin/assets/custom_face_resource/tcc1/TUIEmoji_Celebrate.png":["packages/tim_ui_kit_sticker_plugin/assets/custom_face_resource/tcc1/TUIEmoji_Celebrate.png"],"packages/tim_ui_kit_sticker_plugin/assets/custom_face_resource/tcc1/TUIEmoji_Cheerful.png":["packages/tim_ui_kit_sticker_plugin/assets/custom_face_resource/tcc1/TUIEmoji_Cheerful.png"],"packages/tim_ui_kit_sticker_plugin/assets/custom_face_resource/tcc1/TUIEmoji_Coffee.png":["packages/tim_ui_kit_sticker_plugin/assets/custom_face_resource/tcc1/TUIEmoji_Coffee.png"],"packages/tim_ui_kit_sticker_plugin/assets/custom_face_resource/tcc1/TUIEmoji_Complacent.png":["packages/tim_ui_kit_sticker_plugin/assets/custom_face_resource/tcc1/TUIEmoji_Complacent.png"],"packages/tim_ui_kit_sticker_plugin/assets/custom_face_resource/tcc1/TUIEmoji_Convinced.png":["packages/tim_ui_kit_sticker_plugin/assets/custom_face_resource/tcc1/TUIEmoji_Convinced.png"],"packages/tim_ui_kit_sticker_plugin/assets/custom_face_resource/tcc1/TUIEmoji_Cow.png":["packages/tim_ui_kit_sticker_plugin/assets/custom_face_resource/tcc1/TUIEmoji_Cow.png"],"packages/tim_ui_kit_sticker_plugin/assets/custom_face_resource/tcc1/TUIEmoji_Daemon.png":["packages/tim_ui_kit_sticker_plugin/assets/custom_face_resource/tcc1/TUIEmoji_Daemon.png"],"packages/tim_ui_kit_sticker_plugin/assets/custom_face_resource/tcc1/TUIEmoji_Expect.png":["packages/tim_ui_kit_sticker_plugin/assets/custom_face_resource/tcc1/TUIEmoji_Expect.png"],"packages/tim_ui_kit_sticker_plugin/assets/custom_face_resource/tcc1/TUIEmoji_Fear.png":["packages/tim_ui_kit_sticker_plugin/assets/custom_face_resource/tcc1/TUIEmoji_Fear.png"],"packages/tim_ui_kit_sticker_plugin/assets/custom_face_resource/tcc1/TUIEmoji_FlareUp.png":["packages/tim_ui_kit_sticker_plugin/assets/custom_face_resource/tcc1/TUIEmoji_FlareUp.png"],"packages/tim_ui_kit_sticker_plugin/assets/custom_face_resource/tcc1/TUIEmoji_Flower.png":["packages/tim_ui_kit_sticker_plugin/assets/custom_face_resource/tcc1/TUIEmoji_Flower.png"],"packages/tim_ui_kit_sticker_plugin/assets/custom_face_resource/tcc1/TUIEmoji_Fool.png":["packages/tim_ui_kit_sticker_plugin/assets/custom_face_resource/tcc1/TUIEmoji_Fool.png"],"packages/tim_ui_kit_sticker_plugin/assets/custom_face_resource/tcc1/TUIEmoji_Fortune.png":["packages/tim_ui_kit_sticker_plugin/assets/custom_face_resource/tcc1/TUIEmoji_Fortune.png"],"packages/tim_ui_kit_sticker_plugin/assets/custom_face_resource/tcc1/TUIEmoji_Giggle.png":["packages/tim_ui_kit_sticker_plugin/assets/custom_face_resource/tcc1/TUIEmoji_Giggle.png"],"packages/tim_ui_kit_sticker_plugin/assets/custom_face_resource/tcc1/TUIEmoji_Guffaw.png":["packages/tim_ui_kit_sticker_plugin/assets/custom_face_resource/tcc1/TUIEmoji_Guffaw.png"],"packages/tim_ui_kit_sticker_plugin/assets/custom_face_resource/tcc1/TUIEmoji_Haha.png":["packages/tim_ui_kit_sticker_plugin/assets/custom_face_resource/tcc1/TUIEmoji_Haha.png"],"packages/tim_ui_kit_sticker_plugin/assets/custom_face_resource/tcc1/TUIEmoji_Heart.png":["packages/tim_ui_kit_sticker_plugin/assets/custom_face_resource/tcc1/TUIEmoji_Heart.png"],"packages/tim_ui_kit_sticker_plugin/assets/custom_face_resource/tcc1/TUIEmoji_Hehe.png":["packages/tim_ui_kit_sticker_plugin/assets/custom_face_resource/tcc1/TUIEmoji_Hehe.png"],"packages/tim_ui_kit_sticker_plugin/assets/custom_face_resource/tcc1/TUIEmoji_KindSmile.png":["packages/tim_ui_kit_sticker_plugin/assets/custom_face_resource/tcc1/TUIEmoji_KindSmile.png"],"packages/tim_ui_kit_sticker_plugin/assets/custom_face_resource/tcc1/TUIEmoji_Kiss.png":["packages/tim_ui_kit_sticker_plugin/assets/custom_face_resource/tcc1/TUIEmoji_Kiss.png"],"packages/tim_ui_kit_sticker_plugin/assets/custom_face_resource/tcc1/TUIEmoji_Knife.png":["packages/tim_ui_kit_sticker_plugin/assets/custom_face_resource/tcc1/TUIEmoji_Knife.png"],"packages/tim_ui_kit_sticker_plugin/assets/custom_face_resource/tcc1/TUIEmoji_Like.png":["packages/tim_ui_kit_sticker_plugin/assets/custom_face_resource/tcc1/TUIEmoji_Like.png"],"packages/tim_ui_kit_sticker_plugin/assets/custom_face_resource/tcc1/TUIEmoji_Lustful.png":["packages/tim_ui_kit_sticker_plugin/assets/custom_face_resource/tcc1/TUIEmoji_Lustful.png"],"packages/tim_ui_kit_sticker_plugin/assets/custom_face_resource/tcc1/TUIEmoji_Mask.png":["packages/tim_ui_kit_sticker_plugin/assets/custom_face_resource/tcc1/TUIEmoji_Mask.png"],"packages/tim_ui_kit_sticker_plugin/assets/custom_face_resource/tcc1/TUIEmoji_Monster.png":["packages/tim_ui_kit_sticker_plugin/assets/custom_face_resource/tcc1/TUIEmoji_Monster.png"],"packages/tim_ui_kit_sticker_plugin/assets/custom_face_resource/tcc1/TUIEmoji_Moon.png":["packages/tim_ui_kit_sticker_plugin/assets/custom_face_resource/tcc1/TUIEmoji_Moon.png"],"packages/tim_ui_kit_sticker_plugin/assets/custom_face_resource/tcc1/TUIEmoji_Ok.png":["packages/tim_ui_kit_sticker_plugin/assets/custom_face_resource/tcc1/TUIEmoji_Ok.png"],"packages/tim_ui_kit_sticker_plugin/assets/custom_face_resource/tcc1/TUIEmoji_Pig.png":["packages/tim_ui_kit_sticker_plugin/assets/custom_face_resource/tcc1/TUIEmoji_Pig.png"],"packages/tim_ui_kit_sticker_plugin/assets/custom_face_resource/tcc1/TUIEmoji_Prohibit.png":["packages/tim_ui_kit_sticker_plugin/assets/custom_face_resource/tcc1/TUIEmoji_Prohibit.png"],"packages/tim_ui_kit_sticker_plugin/assets/custom_face_resource/tcc1/TUIEmoji_Rage.png":["packages/tim_ui_kit_sticker_plugin/assets/custom_face_resource/tcc1/TUIEmoji_Rage.png"],"packages/tim_ui_kit_sticker_plugin/assets/custom_face_resource/tcc1/TUIEmoji_RedPacket.png":["packages/tim_ui_kit_sticker_plugin/assets/custom_face_resource/tcc1/TUIEmoji_RedPacket.png"],"packages/tim_ui_kit_sticker_plugin/assets/custom_face_resource/tcc1/TUIEmoji_Rich.png":["packages/tim_ui_kit_sticker_plugin/assets/custom_face_resource/tcc1/TUIEmoji_Rich.png"],"packages/tim_ui_kit_sticker_plugin/assets/custom_face_resource/tcc1/TUIEmoji_Shit.png":["packages/tim_ui_kit_sticker_plugin/assets/custom_face_resource/tcc1/TUIEmoji_Shit.png"],"packages/tim_ui_kit_sticker_plugin/assets/custom_face_resource/tcc1/TUIEmoji_ShutUp.png":["packages/tim_ui_kit_sticker_plugin/assets/custom_face_resource/tcc1/TUIEmoji_ShutUp.png"],"packages/tim_ui_kit_sticker_plugin/assets/custom_face_resource/tcc1/TUIEmoji_Sigh.png":["packages/tim_ui_kit_sticker_plugin/assets/custom_face_resource/tcc1/TUIEmoji_Sigh.png"],"packages/tim_ui_kit_sticker_plugin/assets/custom_face_resource/tcc1/TUIEmoji_Silent.png":["packages/tim_ui_kit_sticker_plugin/assets/custom_face_resource/tcc1/TUIEmoji_Silent.png"],"packages/tim_ui_kit_sticker_plugin/assets/custom_face_resource/tcc1/TUIEmoji_Silly.png":["packages/tim_ui_kit_sticker_plugin/assets/custom_face_resource/tcc1/TUIEmoji_Silly.png"],"packages/tim_ui_kit_sticker_plugin/assets/custom_face_resource/tcc1/TUIEmoji_Skull.png":["packages/tim_ui_kit_sticker_plugin/assets/custom_face_resource/tcc1/TUIEmoji_Skull.png"],"packages/tim_ui_kit_sticker_plugin/assets/custom_face_resource/tcc1/TUIEmoji_Smile.png":["packages/tim_ui_kit_sticker_plugin/assets/custom_face_resource/tcc1/TUIEmoji_Smile.png"],"packages/tim_ui_kit_sticker_plugin/assets/custom_face_resource/tcc1/TUIEmoji_Sorrow.png":["packages/tim_ui_kit_sticker_plugin/assets/custom_face_resource/tcc1/TUIEmoji_Sorrow.png"],"packages/tim_ui_kit_sticker_plugin/assets/custom_face_resource/tcc1/TUIEmoji_Speechless.png":["packages/tim_ui_kit_sticker_plugin/assets/custom_face_resource/tcc1/TUIEmoji_Speechless.png"],"packages/tim_ui_kit_sticker_plugin/assets/custom_face_resource/tcc1/TUIEmoji_Star.png":["packages/tim_ui_kit_sticker_plugin/assets/custom_face_resource/tcc1/TUIEmoji_Star.png"],"packages/tim_ui_kit_sticker_plugin/assets/custom_face_resource/tcc1/TUIEmoji_Stareyes.png":["packages/tim_ui_kit_sticker_plugin/assets/custom_face_resource/tcc1/TUIEmoji_Stareyes.png"],"packages/tim_ui_kit_sticker_plugin/assets/custom_face_resource/tcc1/TUIEmoji_Sun.png":["packages/tim_ui_kit_sticker_plugin/assets/custom_face_resource/tcc1/TUIEmoji_Sun.png"],"packages/tim_ui_kit_sticker_plugin/assets/custom_face_resource/tcc1/TUIEmoji_Surprised.png":["packages/tim_ui_kit_sticker_plugin/assets/custom_face_resource/tcc1/TUIEmoji_Surprised.png"],"packages/tim_ui_kit_sticker_plugin/assets/custom_face_resource/tcc1/TUIEmoji_Tact.png":["packages/tim_ui_kit_sticker_plugin/assets/custom_face_resource/tcc1/TUIEmoji_Tact.png"],"packages/tim_ui_kit_sticker_plugin/assets/custom_face_resource/tcc1/TUIEmoji_TearsLaugh.png":["packages/tim_ui_kit_sticker_plugin/assets/custom_face_resource/tcc1/TUIEmoji_TearsLaugh.png"],"packages/tim_ui_kit_sticker_plugin/assets/custom_face_resource/tcc1/TUIEmoji_Trapped.png":["packages/tim_ui_kit_sticker_plugin/assets/custom_face_resource/tcc1/TUIEmoji_Trapped.png"],"packages/tim_ui_kit_sticker_plugin/assets/custom_face_resource/tcc1/TUIEmoji_Wail.png":["packages/tim_ui_kit_sticker_plugin/assets/custom_face_resource/tcc1/TUIEmoji_Wail.png"],"packages/tim_ui_kit_sticker_plugin/assets/custom_face_resource/tcc1/TUIEmoji_Watermelon.png":["packages/tim_ui_kit_sticker_plugin/assets/custom_face_resource/tcc1/TUIEmoji_Watermelon.png"],"packages/tim_ui_kit_sticker_plugin/assets/custom_face_resource/tcc1/TUIEmoji_Yawn.png":["packages/tim_ui_kit_sticker_plugin/assets/custom_face_resource/tcc1/TUIEmoji_Yawn.png"],"packages/tim_ui_kit_sticker_plugin/images/delete_emoji.png":["packages/tim_ui_kit_sticker_plugin/images/delete_emoji.png"]}